portfolio_name,portfolio_uuid
Grid_058,ef123f1b-02d9-4b17-b4e2-e0a69b6f2436
Grid_059,8d106e1e-be1c-43de-9369-d5f9dd4deabf
Grid_060,53874f1e-aa38-48a5-a798-a5e35050050b
Grid_061,4fa23131-d8d5-43fd-8464-dc1e9a0ffa00
Grid_062,60c5f3ec-9db8-4d27-8dc7-9f10ead62fbf
Grid_063,7f298d73-9709-40b3-b945-c26bc09845fa
Grid_064,5e56fe8c-5e2d-4f7f-8d8b-f3b225a5155e
Grid_065,c4340782-4a50-4f8a-8c56-02084695e757
Grid_066,ed755ba4-eb97-41d7-bd08-13ad85368647
Grid_067,3fecec4e-c0be-47c5-815b-f0ff698492ba
Grid_068,ddbe0da4-4e78-4f81-92d5-abfb315030c9
Grid_069,7a665fcc-f7f5-4ae5-86da-ef048912586d
Grid_070,655a5e71-e911-4e99-a8dd-6b6e8490dc72
Grid_071,3e49df55-38d4-4f34-b6a9-680708b6115a
Grid_072,12cdd346-41a8-48cb-9106-5e383f3fd3df
Grid_073,01f2ff4d-097e-47f7-aee0-b6641131efde
Grid_074,07b317e5-9335-4adb-ad94-42961a240911
Grid_075,2ff84956-c2d5-49d3-b896-1b71141d1c13
Grid_076,c7848bce-69c9-4335-b1b5-cded00f697b5
Grid_077,dfbfdd9b-681e-45fc-94d0-5a9e37d26ed4
Grid_078,668529c0-f511-4ee3-ab45-6e9959c698f1
Grid_079,9a3fcada-a695-4213-bf9b-43ed4cc57798
Grid_080,afec47db-b16c-4f6d-87e6-f03fceeb79da
Grid_081,67589c3d-1191-4181-9b98-9c90afd3aa0c
Grid_082,95cd8f34-2199-49cb-bdd0-a2824d28189a
Grid_083,fe7be92f-e124-4aa0-895c-ee2a43c27cd4
Grid_084,937ee65f-11a0-45ce-9547-ab8c4116985f
Grid_085,45a50f0e-6865-49c9-86f6-8aa02fe2e6cf
Grid_086,b6c72ea6-2922-4d77-856c-20d031c64896
Grid_087,66b08fda-6cde-4923-b08a-36005e1dfdaa
Grid_088,d17e2430-dff5-4ae2-9df1-3742842b1c44
Grid_089,2a89cbc0-d513-477f-b921-2c4221738b02
Grid_090,0d809cec-e3c2-42a0-abca-36596db3ef24
Grid_091,b7f59a6e-3e28-45d8-bb98-6b13cc848d4d
Grid_092,8858bd23-d6be-4335-93ab-708b72d9855d
Grid_093,e435a480-265d-41f4-939c-b6a08dd41033
Grid_094,7007405f-e091-4c58-aedd-02c52f10c421
Grid_095,c02493bc-a859-4447-babf-ad3f49abe165
Grid_096,6111fb95-8c55-4077-ac42-7de46a71093e
Grid_097,f387af97-e68b-414f-a9e1-663aa63e67f7
Grid_098,06b07d47-7432-449c-bd37-d07eee7caf93
Grid_099,d29d5386-ecee-4265-8f6c-4cc2673b3185
Grid_100,ba8ad291-8311-46f2-b958-26da65a0cd40
Grid_101,4ca72db0-a001-415f-9086-f7190ad20eed
Grid_102,6f11b045-edbc-4115-9147-b0885ece39c8
Grid_103,24c75022-a11c-42be-a664-b295ab527a47
Grid_104,c58d51ff-1796-4d27-9f0c-2510ca3964ca
Grid_105,9dd42dbb-28fa-4761-b48f-64156b5b32cb
Grid_106,72bb4cf8-fd30-48c8-8971-6f5306d3478c
Grid_107,32786094-f8b7-4105-bcef-7272f98e85e1
Grid_108,283600be-a146-44a9-bafc-fd93e8d2a27a
Grid_109,baf305e7-952d-47fc-8582-569ea3263f1e
Grid_110,716f16fa-cc83-4552-8874-47206bbb197c
Grid_111,3760a90b-e70a-48a1-98dc-9a1b8f9de502
Grid_112,bc2ab7c9-41bb-4a09-b631-354ece605c72
Grid_113,cc293732-671a-4b23-ba1c-a54e8adabcf1
Grid_114,ddf8db87-106f-4f1c-aae1-52839c744e82
Grid_115,0659d661-7e30-423d-96b9-20bf6b0eac07
Grid_116,4c85f2bb-2a31-46ac-a424-e3ecf6aa2b42
Grid_117,57715817-7066-46a1-b4fc-838ac4750089
Grid_118,9d5207bc-090c-41df-80ad-a2ebc3f6b566
Grid_119,11cd98fe-ae51-4bef-b1e7-85f97784ec41
Grid_120,85853339-22e3-4d16-ad47-afabc88fbbe9
Grid_121,bf85d9c7-cceb-401f-be93-612d8b0029ca
Grid_122,0c478a69-8751-43da-ad45-7c86ff404d46
Grid_123,8d285a28-d2d3-42bc-93b5-1cfd5e77a136
Grid_124,a19d99e9-fe2e-4ea3-8a7b-ba11500cddc8
Grid_125,f659e0a4-9f8b-4927-bc48-e89a9158f1d4
Grid_126,b132ab7b-ee8b-4376-81aa-8884bf4551c3
Grid_127,98ef666c-53b4-4308-985b-17a5691ff210
Grid_128,ff4ae022-5d8c-4aff-a847-b0e133927cf6
Grid_129,0f49f219-9c42-4ae6-aabf-6e6eaec0a170
Grid_130,1dc5083b-c675-4da5-9365-e38ada7e6ae1
Grid_131,28d7fdc6-3e97-41f3-b817-64ac632fbed3
Grid_132,eb8933c3-0ac5-422d-94d2-ea4e2b87390a
Grid_133,4a6ffd81-8555-45e6-8164-b64fd0b5c277
Grid_134,ba5896f3-67f6-4348-8b51-1ddbbac098ed
Grid_135,2a7bb24f-2538-484c-8542-22f95ff57725
Grid_136,c49ff3e1-a94c-442f-8c99-1b86e79075b3
Grid_137,222d7da8-1e78-47a0-8f1a-a69044b73c50
Grid_138,ae502024-2828-4c35-81be-b3503a4c5ee0
Grid_139,d419a769-5c54-4697-bbf1-98f469245ea5
Grid_140,58a02fec-55a2-4688-b0b6-6ab2282cf9bd
Grid_141,84487443-ffb5-4618-98cf-fdd09ef63682
Grid_142,090c3c2b-2edc-41a7-9a95-10751d58e5df
Grid_143,f6b74dcc-75ed-4f8d-a3de-2300843bfe20
Grid_144,76776bb8-569e-4e62-b82e-158fe5834028
Grid_145,e1ad771a-499f-4ca9-ac36-033865e5a2a3
Grid_146,39d8d931-499c-45e4-884c-8e5c681a9778
Grid_147,b10db98b-4c6d-4f4a-9b26-98410bc1509a
Grid_148,2ae1e2da-4da8-4bc8-9271-288453c9ce91
Grid_149,63a90207-43b0-4b0d-8755-68899d5a246a
Grid_150,e60a51f1-ccc0-431d-8c2c-0f544a7c4631
Grid_151,cedc18ae-476b-48f6-8730-dd9f49c2abae
Grid_152,7a44433b-616e-47df-96d8-90c3d456c160
Grid_153,7c231de3-ded3-4b8e-a9a2-63b221e66802
Grid_154,4adbe29b-1da5-45b9-9ea7-2571058ef8ee
Grid_155,4b2f1d73-27f0-42d3-b19f-25c0e487cbe2
Grid_156,5dfdab56-c239-4030-b6b4-8a87cb11c4b6
Grid_157,a02b7560-ea2a-47ed-88e9-5cc535e1d8e6
Grid_158,c98b8a67-117c-42fd-9800-4137027d1269
Grid_159,69e13ed3-9631-4859-b1fd-56f81a79512c
Grid_160,437459a4-8eda-4b90-82f7-9c31c21f2869
Grid_161,8ca4dabc-4fe1-4b53-ae31-7bf6a5d0a58a
Grid_162,fd953ae6-784e-4f6f-84de-b463c6aac733
Grid_163,2e9194f0-e308-4d9c-9583-a395d3134bab
Grid_164,430b30ed-205e-4f71-b9cc-efbd88809634
Grid_165,fff32be3-d6c0-4e99-ae14-e8efabdf55e4
Grid_166,e6509505-eed7-4008-8729-15b0ea28b87a
Grid_167,5b7a0e86-2b54-4ab2-8078-356d6cfd7784
Grid_168,07133ca3-cacf-4b35-b68f-92521c48f1f6
Grid_169,03765d33-bd79-40a1-ab6f-fa4526cff2f4
Grid_170,5cc0b9ed-aa40-49ea-a19b-873119ae702a
Grid_171,0b7fb9ae-8e66-416e-aec1-0a8356c283be
Grid_172,e4f24c70-5e52-47c4-9f6a-93bf2c10bc3a
Grid_173,039a7d19-140a-4875-9fdf-d5127fc04a23
Grid_174,bb4ec07e-194b-4f13-930e-1e10abb202d0
Grid_175,7ff3ac41-0606-42ae-a4c9-c28b4791fa5c
Grid_176,624f6fbb-fc57-4776-9616-52e7191c32d3
Grid_177,d8472067-0f0c-463a-98e2-ed7522bdc9f2
Grid_178,98981e93-904e-43aa-93d7-f4e2638b79a4
Grid_179,6f02c826-ee56-45c0-9bf0-4722713ffa4e
Grid_180,0736bc04-c6fe-4a6c-a13a-801a43aa4a01
Grid_181,6c6287f4-e9bd-46ee-9b68-ca93f0000a49
Grid_182,339c82be-fc10-42f7-b91b-871c4a4aac33
Grid_183,818513dc-8162-4629-8860-58e6a5af8933
Grid_184,cf656e7a-50c4-4f7a-a04b-09afe5f3c371
Grid_185,2c85cccf-891c-43f7-b21b-b8e74d8ecaab
Grid_186,73533d13-94b8-491f-9602-a3a7d0f1e23d
Grid_187,adbaedfc-2f4b-40af-b8f0-2b3115dc6976
Grid_188,04bc8f28-3b0d-43a2-a5e7-577ea2950753
Grid_189,321285d3-046f-4cd9-97d2-0342af4b3a6f
Grid_190,a287b734-d8d0-41d6-9382-7ac7174ee178
Grid_191,b9e10eca-037a-4529-9ae3-7be86b452948
Grid_192,bb281aff-ae6b-4fe7-8549-a89c868186ec
Grid_193,8870f809-3786-4c5b-af1f-c9885f1018f2
Grid_194,25f68174-3273-49b7-85ec-a808b9ba3c7c
Grid_195,eaf8920e-fdb0-472c-b75a-dfe7b3cbe0a9
Grid_196,278506d6-e58f-4ec1-b200-a2afcc0360ff
Grid_197,5e2a762b-5d89-4847-957a-5838f4d28220
Grid_198,0b72d469-7297-4419-83cd-88848fa1277e
Grid_199,7c25d5e3-2e98-456e-96dd-08c924a35d54
Grid_200,60ae379d-1f9d-4477-8070-9a2efd0f6a9a
Grid_201,18010d0f-103a-4ab3-85ff-168c98f30925
Grid_202,2bd7db7f-fe61-48fd-9325-72cccc7ef6cf
Grid_203,5e5276c1-b8b0-4074-88af-bf3663d3b89c
Grid_204,d234430d-e352-41c8-9304-d3b12a695656
Grid_205,0809bfd1-77df-4823-9b4c-95125b5e35f8
Grid_206,d4cc0989-3983-4411-8b0c-5378e435e7cb
Grid_207,b40069c6-f073-4ab3-aede-60830444ecc9
Grid_208,32f90e1f-7c17-44cb-8f18-350ef4f2ac1a
Grid_209,8cd8ccd9-55e0-4cd3-8587-7739074ca8ff
Grid_210,aea66174-d45d-4ac5-bf61-5318be961523
Grid_211,d3b8b2d7-aca6-4404-8669-1831bef7d46c
Grid_212,0ed3280b-42a7-43ab-8129-a631b3cc1a31
Grid_213,5a9a7995-b967-45f0-8532-347a9b3a3e72
Grid_214,1fec1265-205b-4608-b701-2a3bff731cb1
Grid_215,be30d889-d025-4bb9-bb21-05f87eb301f9
Grid_216,08023921-2b3e-4c9d-ad20-75966bad2c7c
Grid_217,e3d78791-1418-4d18-9bc0-2296733f4b62
Grid_218,a2b4cbe1-e6a0-4e12-873d-4d054dcbf08c
Grid_219,b60fd973-d61d-4a6e-8119-373936434990
Grid_220,1e6dbbed-405f-40ef-8e30-7eb69e8400f7
Grid_221,603fc8d7-14a2-4315-bbaf-2e675122a5e1
Grid_222,4ffef029-b113-4f63-b18e-d5227ea02fab
Grid_223,4971ebc0-edc9-45ca-9b2f-d0672f924aec
Grid_224,40f7e9b4-7427-4626-a116-3b24b2a73ace
Grid_225,40db34ce-898e-4dd6-aeee-d6222034f89d
Grid_226,fa2c2954-00ec-4acb-aa62-59f99d023988
Grid_227,81c5bc08-ecea-4b92-b304-70bc9352602d
Grid_228,2d0b5ef7-ee17-4adf-b6cf-4aa545e5fe8e
Grid_229,e0bbf8e6-e259-429d-b0f2-04cc4b6ea1ce
Grid_230,d22e1489-51e1-4458-bae9-494cce0b9dee
Grid_231,5cf0b621-5e87-474f-8ab8-55cbf5c23ac2
Grid_232,15bc73f2-38bf-4f53-8267-7fe0929b9be2
Grid_233,cfd99d17-cc3f-4b83-8457-11e090f8c7a2
Grid_234,d8db2715-5e1a-4d72-ad06-be9f4c6338a4
Grid_235,03381211-293b-4abd-812d-6d1a1a1a7552
Grid_236,f76237b7-680c-439f-875f-5a99f873c083
Grid_237,a092920a-fc06-4ff9-b9d9-2a6592f9020d
Grid_238,c069fdf5-93b3-4145-8235-d5f3d81e140a
Grid_239,22a387b2-cd1f-4be2-92ed-4facfcccd982
Grid_240,64c32115-c7b9-4b1b-8e1c-ced563be741f
Grid_241,a7510be6-0eed-4408-b589-86e3ed99670e
Grid_242,b108c050-75aa-4fbb-9439-74b7afe7a85e
Grid_243,6468e84b-064b-4f41-961b-439af16c0d63
Grid_244,c1fa8640-8ee3-4ebe-b534-2da7a21f0ae5
Grid_245,b6d85134-cff5-41ed-ad74-111bf585646c
Grid_246,b2c8b568-7ebe-41fc-9967-c0d2fe32ad1a
Grid_247,0b5b9da1-1430-49d0-a83a-ac03b7b0dd44
Grid_248,2d789e1d-d882-4037-97c4-a03bbff444cd
Grid_249,904837fa-d6c7-4ce8-99fd-82b06c0524cf
Grid_250,e0a8559f-1373-4b39-8aa1-d1896423f355
Grid_251,19ebc675-3107-4bd7-84b8-3fd0b8d39284
Grid_252,000ae7f7-1011-4ae8-a0d4-a9ccab3ddb9a
Grid_253,ecfed338-ea26-4669-941b-5b621bfe7dc4
Grid_254,cb4b2289-dab2-4b67-a586-4e7dac122e7b
Grid_255,e7e69628-a16f-4b39-846b-0db8b1e40a07
Grid_256,45dadc85-c44f-4ec7-8a95-7a7d53489270
Grid_257,9a3b4883-429b-46ae-9061-ba39a0ad1b12
Grid_258,33e860c1-7b4c-4dca-aa22-3a286ab5f5c0
Grid_259,fad671ee-b9d4-4573-b31f-c9ac8f200aa8
Grid_260,3c387361-fd63-4856-b121-b44abd24f99b
Grid_261,c9ae8c0c-e382-4510-a13a-5ac21e375bcf
Grid_262,7e001e3e-dc84-462f-bab4-24ff4f6a3103
Grid_263,a43c2ed9-81b4-40cb-a703-0eabfb69ff21
Grid_264,1306c362-adc0-4dc0-ac43-2136cd721c49
Grid_265,4511a877-8306-4660-9698-3c2c4bf449cc
Grid_266,71471939-f1af-4cb9-bcf7-9cc4da44488f
Grid_267,3df30680-68ff-47e5-a91d-bd833bfef6a4
Grid_268,63e2c7c8-fc77-4aa9-85c3-a16559ce96f9
Grid_269,b676f093-2b0e-40a7-844f-36a3331c07e5
Grid_270,7ebaec0c-6df6-42e9-b802-685e3b6111fd
Grid_271,fe84c089-c668-45a2-bec8-7c7b07ba2037
Grid_272,234aa0a0-728c-4b42-84aa-8d3def679f67
Grid_273,1dfebab4-109f-44ce-a322-cf5844eea8f5
Grid_274,fac8b0d4-e968-4fc0-9f52-ac7956c477f8
Grid_275,cff2639f-cc10-4a99-be82-f439c2d1c009
Grid_276,09da0038-deb2-4078-b80a-1c0f26a17861
Grid_277,e6653838-5d77-48d1-b460-5ed3d379bc6e
Grid_278,b8065a9a-179c-49ad-852a-9b66be47c983
Grid_279,29ea6dd6-dc2f-4ba0-a325-5f2e977bda26
Grid_280,c8ad3fc3-38ae-4fbe-a815-abc3bc6996d2
Grid_281,2a07e792-b863-4310-8858-40b63bc54618
Grid_282,c4169629-f4c6-49e4-9e45-8c40e785732c
Grid_283,2d26d942-9da2-40c5-9978-2dad54b4911d
Grid_284,8098e686-c040-4a6d-aebf-187cb8d13111
Grid_285,7cd28232-ecca-4ebb-be9e-4265afa8a398
Grid_286,96b518b7-9607-45a3-96a6-e9a79de32edf
Grid_287,08e4a53f-bbdd-4adf-adc3-d66323e86a7b
Grid_288,56bcd017-7012-4699-b1bb-703372aaab18
Grid_289,7467c472-4b78-497b-995f-f006658098f7
Grid_290,9daf705c-cbf3-47b5-bbda-6b91563c4b27
Grid_291,22e1f604-7d7c-48df-8c2f-be88a49cb241
Grid_292,ab34fb35-928d-400d-970b-6c0b44cde862
Grid_293,9c1fcb11-8352-4b6c-ad77-dac68cde53d8
Grid_294,a5be3093-c891-4cc3-9f9d-85897f06ffe2
Grid_295,04faa377-c1fc-442b-94ff-7a3efcf65696
Grid_296,0359301e-5100-4898-8de0-1fcece52e909
Grid_297,05fa730d-ea49-4e1e-bf55-440646b6053d
Grid_298,157d8788-ea83-44c0-9326-9352560f1eed
Grid_299,47b03c19-6029-4ad5-a527-a8db2cd26f64
Grid_300,e2296854-9344-4ce9-b9c4-6dd142cf4194
Grid_301,40420d09-dbd3-4fb4-b94e-191a2ccdb4dc
Grid_302,ee429598-56b8-48a3-9b4c-f8b20bd94c23
Grid_303,54f01d4c-9966-4d9f-aaf8-b8d70692f21d
Grid_304,d6991288-aaf6-49e2-b4ea-ee7605592333
Grid_305,1b131c59-1bae-4059-8295-30e768c32ef7
Grid_306,62cd271b-6319-4264-aece-e146d8e39b8e
Grid_307,27dfa22f-4cd3-4e5e-a77f-e8d2e6419153
Grid_308,6e21be1d-8db7-4b0a-9d78-300389492e79
Grid_309,0b05a664-965b-45bf-824f-571bf0fc92e3
Grid_310,1f5aa741-9e93-47aa-9f4d-db2b044ea977
Grid_311,15369303-8583-4c8b-8d57-0300385aa3df
Grid_312,33afbea8-a4a5-4265-80c3-fe733d4a447d
Grid_313,bec41b9e-8147-4247-8f23-190a45126f83
Grid_314,98f946bc-2d13-4ab7-9de1-ae39780a5340
Grid_315,0e57e1f6-1e5b-40a1-a4c4-a1435338a3ae
Grid_316,10b9cd60-a332-40bf-b2cf-bc8f367e5e07
Grid_317,ac39d99c-177b-473e-89cc-1f7807d60b85
Grid_318,889eb26a-819f-45ec-82d9-610a31ffc29a
Grid_319,6da887b1-f0d2-41ea-b546-f8b62a79d4da
Grid_320,12f369a4-9d26-4d7a-9449-8099357d6764
Grid_321,c97ba741-a8e9-4004-9ec8-9c8e110f86e8
Grid_322,9f7fc5a8-f8c9-4111-aa29-b4fafcb96d42
Grid_323,54f79785-0deb-403c-8b16-1965b73fe6f8
Grid_324,75fda791-cb7a-4fc2-96ba-234d31b0efda
Grid_325,8b6bdc3c-b856-490b-920d-b11ca26ca14d
Grid_326,3814b562-131e-4a55-86b4-90e3b1b774d3
Grid_327,08312a6c-2679-4410-904c-aef1e48a28dc
Grid_328,a7b96e38-7ad4-47d2-941f-04d540f530b1
Grid_329,04977230-df0c-4e8d-a517-3b42014e6ff1
Grid_330,df4eb75d-7f74-4507-a291-f2469cc6e6c2
Grid_331,f47394d3-1eb8-450b-a612-2164e92bbf22
Grid_332,309d6249-ce38-470b-9617-b9e1282a5aa1
Grid_333,3761666c-5f77-47ea-a604-e92c3246eee5
Grid_334,1d15acc3-1b8b-4a9d-8e9b-2a8e89a85f51
Grid_335,ed7f2e9d-8315-449d-9c35-8dc00f394725
Grid_336,4bb05258-9fbe-467c-a03d-b83ef15058ca
Grid_337,ccb39a86-ea9b-4030-8275-0a36f6bac4de
Grid_338,925da78e-b3cf-4629-a436-754a6f172224
Grid_339,39b46df6-1f89-4ffb-a8e7-a67461072cda
Grid_340,67eacde7-903c-4984-8920-bbfb1f689a42
Grid_341,6aed7ca2-81dd-40e3-9f5a-fb1e745d46a8
Grid_342,b575fd1f-240a-4d62-9e9b-c6f8fac14139
Grid_343,af2c572d-57d0-4c68-b0eb-b2107ada411e
Grid_344,72c24412-b589-49af-85bd-587bbece1b5c
Grid_345,b93be483-e89a-4495-bbab-c9a7f1dfb1ba
Grid_346,81b5b31e-55bb-43cd-9477-815ccd84c28e
Grid_347,818a47bd-1356-4dc8-8371-0b7c94992b9a
Grid_348,b75c70a5-3e94-44ed-8fd2-2cf292e3fb3c
Grid_349,37dcb961-f306-4617-a616-ffa19b4f7330
Grid_350,13b3cd8d-ed3c-4aa9-a94b-f9c30f3767ba
Grid_351,9045e81a-a727-4f09-ae55-cf5d4aa0d9fb
Grid_001,9a03e14a-ecc1-46af-bfb3-4ce53ac3d906
Grid_002,6fd7be0a-953d-416f-8708-751e79fedf95
Grid_003,7866da32-b9d6-4dbd-8a8d-832847cda466
Grid_004,c0f8d715-1003-491f-bfd2-51291ba433c9
Grid_005,c7a30fb0-441c-42c6-9cde-abc2ef08a174
Grid_006,be4fc551-4314-44d9-8dfd-63706785e22f
Grid_007,72a3e4ee-8d7f-4e2d-9be0-ebcf639670fe
Grid_008,c16a418f-209e-424b-8cfa-686b5cf91606
Grid_009,f1574ec0-8f6e-43ca-ac9a-651e3a3d6386
Grid_010,a99473d0-fd46-4b79-b0ea-1d2d7cd7f93e
Grid_011,f32b6a3a-2de6-4f54-ae1c-b6a581beeb50
Grid_012,4488f285-5861-459d-b836-3fb26c1b2040
TreasuryGrid_013,7b089805-04f5-4266-915d-c56a77e90682
TreasuryGrid_014,9bffdd38-70ff-4d96-8c81-f3e12ee5f0c5
TreasuryGrid_015,93e77e1b-8143-4597-ba9f-7df5f3c3dde5
Grid_016,db1e4d87-5157-40d3-affa-13410cecca48
Grid_017,d7c90bef-7897-4862-a574-5821d5ee9093
Grid_018,6cd503d0-a2df-4af3-975c-95dc8d34e839
Grid_019,a2d07ea4-7c23-40f8-906f-ba2193e6f291
Grid_020,c1a46b8b-8ba3-46a8-abbf-06c8229565e3
Grid_021,a75fcbfd-3e67-43ba-95c4-d4fdc259c4e4
TreasuryGrid_022,11168798-3d88-477f-9da7-0a0f0b4d8bcc
TreasuryGrid_023,e0dede79-d6b7-452a-b585-90c52bba4a35
TreasuryGrid_024,777fecd3-901f-43ba-9a72-3155d2d5ea04
TreasuryGrid_025,b29dfafc-85a0-46ba-a55b-24921ca9a868
TreasuryGrid_026,1c0b2853-b687-4125-b33f-3fea37ef628f
TreasuryGrid_027,d35c60c1-ba47-427a-96bd-18d3265f29ea
Grid_028,bd656b69-e09e-4602-acf2-0e00f78c79bb
Grid_029,dd1b2cfd-b471-4df9-908b-751a9d018785
Grid_030,431e6085-7ed0-4020-94ec-ec7a8891235a
TreasuryGrid_031,955d7d42-7790-4da0-87fc-c65a6297cc5d
TreasuryGrid_032,cf757b69-ea86-45f0-aa45-fb102fc44408
TreasuryGrid_033,50215d1c-ee99-4c2e-a95b-985bce2c7aa6
TreasuryGrid_034,416d9b05-4db4-43eb-b47a-bf4ae233b0c5
TreasuryGrid_035,2f5b2c0c-36db-4b97-a0f0-5dc00fd37a6d
TreasuryGrid_036,9ea40a19-3d52-4866-873b-fb9bbb0b3fa9
TreasuryGrid_037,db5d9a43-eafe-4a90-84d4-1d072a27ff6d
TreasuryGrid_038,226fc725-34c7-4439-98a3-e9b4e9cd8d76
TreasuryGrid_039,a00aaf7d-7983-48b2-9020-8b101d6aba42
TreasuryGrid_040,0e0ee4c7-6535-4a4d-8891-d5e060f27829
TreasuryGrid_041,7c7cf2a3-08b7-4faf-8e98-b7984c12dec9
TreasuryGrid_042,379dd937-be3d-4779-bacf-2579429fc45a
Grid_043,73cda2e6-b1fb-4b45-a9a0-0ab0a6b36f9c
Grid_044,0a199a37-6d3f-47e1-89d4-93b2db2217f4
Grid_045,92356174-d8fe-49f8-8d0f-3417f737a103
Grid_046,f65c4012-495e-4ea3-b092-e0ff80ab6826
Grid_047,963f4f1a-57c5-4592-9171-b0a2ab1fff79
Grid_048,7877e311-4898-4ce1-8100-0e1ec231d7d3
TreasuryGrid_049,8bd4e044-7eee-4032-92e8-1571ffbacdf3
TreasuryGrid_050,00194970-091e-4f1e-8414-80c5e5abb18d
TreasuryGrid_051,070b3ae0-a43c-4e62-a3c2-5a43ec6c212a
TreasuryGrid_052,4b0574e7-f082-4ce1-af3a-f2b30f367791
TreasuryGrid_053,9ce9a1ce-6d0f-4058-a99b-9e5e4d10a1e6
TreasuryGrid_054,1eb640dd-b6c6-4331-bcbb-a3a27e04e1f1
TreasuryGrid_055,f6f3980e-7ef2-470a-bc3b-a43fb2677440
TreasuryGrid_056,f4e665b1-6794-4441-8e2a-7e264be8c6c9
